LinkID,SourceID,DestinationID,PeerID,Cost,Bandwidth,Delay,SRLGNum,SRLGs
0,0,11,0,6666,15000,17,0,
1,0,438,0,2500,40000,5,0,
2,1,2,0,6666,15000,1,0,
3,1,442,0,2500,40000,4,0,
4,2,1,0,6666,15000,9,0,
5,2,3,0,6666,15000,11,0,
6,3,2,0,6666,15000,8,0,
7,3,4,0,6666,15000,19,0,
8,4,3,0,6666,15000,15,0,
9,4,5,0,6666,15000,7,0,
10,5,4,0,6666,15000,8,0,
11,5,6,0,6666,15000,5,0,
12,6,5,0,6666,15000,9,0,
13,6,7,0,6666,15000,3,0,
14,7,6,0,6666,15000,3,0,
15,7,8,0,6666,15000,13,0,
16,8,7,0,6666,15000,12,0,
17,8,9,0,6666,15000,19,0,
18,9,8,0,6666,15000,1,0,
19,9,10,0,6666,15000,5,0,
20,10,9,0,6666,15000,12,0,
21,10,11,0,6666,15000,13,0,
22,11,10,0,6666,15000,4,0,
23,11,0,0,6666,15000,3,0,
24,12,23,0,6666,15000,16,0,
25,12,441,0,2500,40000,6,0,
26,13,14,0,6666,15000,16,0,
27,13,441,0,2500,40000,11,0,
28,14,13,0,6666,15000,14,0,
29,14,15,0,6666,15000,16,0,
30,15,14,0,6666,15000,18,0,
31,15,16,0,6666,15000,16,0,
32,16,15,0,6666,15000,7,0,
33,16,17,0,6666,15000,3,0,
34,17,16,0,6666,15000,1,0,
35,17,18,0,6666,15000,12,0,
36,18,17,0,6666,15000,12,0,
37,18,19,0,6666,15000,2,0,
38,19,18,0,6666,15000,1,0,
39,19,20,0,6666,15000,17,0,
40,20,19,0,6666,15000,7,0,
41,20,21,0,6666,15000,15,0,
42,21,20,0,6666,15000,18,0,
43,21,22,0,6666,15000,4,0,
44,22,21,0,6666,15000,10,0,
45,22,23,0,6666,15000,5,0,
46,23,22,0,6666,15000,5,0,
47,23,12,0,6666,15000,9,0,
48,24,31,0,6666,15000,7,0,
49,24,30,0,6666,15000,19,0,
50,24,438,0,2500,40000,7,0,
51,24,441,0,2500,40000,5,0,
52,25,26,0,6666,15000,8,0,
53,25,436,0,2500,40000,17,0,
54,26,25,0,6666,15000,1,0,
55,26,27,0,6666,15000,11,0,
56,27,26,0,6666,15000,18,0,
57,27,28,0,6666,15000,3,0,
58,28,27,0,6666,15000,10,0,
59,28,29,0,6666,15000,6,0,
60,29,28,0,6666,15000,14,0,
61,29,30,0,6666,15000,8,0,
62,30,29,0,6666,15000,12,0,
63,30,31,0,6666,15000,3,0,
64,30,24,0,6666,15000,10,0,
65,30,32,0,6666,15000,13,0,
66,31,30,0,6666,15000,16,0,
67,31,24,0,6666,15000,4,0,
68,32,33,0,6666,15000,14,0,
69,32,30,0,6666,15000,18,0,
70,33,32,0,6666,15000,2,0,
71,33,34,0,6666,15000,12,0,
72,34,33,0,6666,15000,16,0,
73,34,35,0,6666,15000,18,0,
74,35,34,0,6666,15000,10,0,
75,35,36,0,6666,15000,9,0,
76,36,35,0,6666,15000,3,0,
77,36,37,0,6666,15000,2,0,
78,37,36,0,6666,15000,10,0,
79,37,38,0,6666,15000,8,0,
80,38,37,0,6666,15000,16,0,
81,38,444,0,2500,40000,12,0,
82,39,49,0,6666,15000,18,0,
83,39,438,0,2500,40000,10,0,
84,40,41,0,6666,15000,12,0,
85,40,440,0,2500,40000,15,0,
86,41,40,0,6666,15000,9,0,
87,41,42,0,6666,15000,1,0,
88,42,41,0,6666,15000,8,0,
89,42,43,0,6666,15000,2,0,
90,43,42,0,6666,15000,17,0,
91,43,44,0,6666,15000,2,0,
92,44,43,0,6666,15000,5,0,
93,44,45,0,6666,15000,12,0,
94,45,44,0,6666,15000,5,0,
95,45,46,0,6666,15000,3,0,
96,46,45,0,6666,15000,12,0,
97,46,47,0,6666,15000,12,0,
98,47,46,0,6666,15000,8,0,
99,47,48,0,6666,15000,14,0,
100,48,47,0,6666,15000,17,0,
101,48,49,0,6666,15000,18,0,
102,49,48,0,6666,15000,5,0,
103,49,39,0,6666,15000,9,0,
104,50,61,0,6666,15000,15,0,
105,50,440,0,2500,40000,3,0,
106,51,52,0,6666,15000,5,0,
107,51,440,0,2500,40000,3,0,
108,52,51,0,6666,15000,13,0,
109,52,53,0,6666,15000,19,0,
110,53,52,0,6666,15000,12,0,
111,53,54,0,6666,15000,6,0,
112,54,53,0,6666,15000,11,0,
113,54,55,0,6666,15000,3,0,
114,55,54,0,6666,15000,18,0,
115,55,56,0,6666,15000,15,0,
116,56,55,0,6666,15000,19,0,
117,56,57,0,6666,15000,19,0,
118,57,56,0,6666,15000,19,0,
119,57,58,0,6666,15000,18,0,
120,58,57,0,6666,15000,8,0,
121,58,59,0,6666,15000,8,0,
122,59,58,0,6666,15000,14,0,
123,59,60,0,6666,15000,14,0,
124,60,59,0,6666,15000,10,0,
125,60,61,0,6666,15000,11,0,
126,61,60,0,6666,15000,7,0,
127,61,50,0,6666,15000,6,0,
128,62,63,0,6666,15000,5,0,
129,62,436,0,2500,40000,12,0,
130,63,62,0,6666,15000,6,0,
131,63,64,0,6666,15000,5,0,
132,64,63,0,6666,15000,2,0,
133,64,65,0,6666,15000,1,0,
134,65,64,0,6666,15000,15,0,
135,65,69,0,6666,15000,16,0,
136,66,67,0,6666,15000,15,0,
137,66,441,0,2500,40000,14,0,
138,67,66,0,6666,15000,3,0,
139,67,68,0,6666,15000,2,0,
140,68,67,0,6666,15000,3,0,
141,68,69,0,6666,15000,15,0,
142,69,68,0,6666,15000,14,0,
143,69,65,0,6666,15000,8,0,
144,69,74,0,6666,15000,8,0,
145,70,71,0,6666,15000,15,0,
146,70,444,0,2500,40000,19,0,
147,71,70,0,6666,15000,4,0,
148,71,72,0,6666,15000,5,0,
149,72,71,0,6666,15000,9,0,
150,72,73,0,6666,15000,7,0,
151,73,72,0,6666,15000,3,0,
152,73,74,0,6666,15000,7,0,
153,74,73,0,6666,15000,7,0,
154,74,69,0,6666,15000,10,0,
155,75,89,0,6666,15000,15,0,
156,75,444,0,2500,40000,8,0,
157,76,77,0,6666,15000,17,0,
158,76,444,0,2500,40000,19,0,
159,77,76,0,6666,15000,4,0,
160,77,78,0,6666,15000,5,0,
161,78,77,0,6666,15000,12,0,
162,78,79,0,6666,15000,13,0,
163,79,78,0,6666,15000,1,0,
164,79,80,0,6666,15000,19,0,
165,80,79,0,6666,15000,11,0,
166,80,81,0,6666,15000,9,0,
167,81,80,0,6666,15000,14,0,
168,81,82,0,6666,15000,13,0,
169,82,81,0,6666,15000,4,0,
170,82,83,0,6666,15000,19,0,
171,83,82,0,6666,15000,17,0,
172,83,84,0,6666,15000,6,0,
173,84,83,0,6666,15000,7,0,
174,84,85,0,6666,15000,19,0,
175,85,84,0,6666,15000,12,0,
176,85,86,0,6666,15000,3,0,
177,86,85,0,6666,15000,13,0,
178,86,87,0,6666,15000,6,0,
179,87,86,0,6666,15000,2,0,
180,87,88,0,6666,15000,6,0,
181,88,87,0,6666,15000,15,0,
182,88,89,0,6666,15000,6,0,
183,89,88,0,6666,15000,13,0,
184,89,75,0,6666,15000,7,0,
185,90,96,0,6666,15000,1,0,
186,90,437,0,2500,40000,7,0,
187,91,92,0,6666,15000,9,0,
188,91,442,0,2500,40000,10,0,
189,92,91,0,6666,15000,13,0,
190,92,93,0,6666,15000,17,0,
191,93,92,0,6666,15000,1,0,
192,93,94,0,6666,15000,5,0,
193,93,97,0,6666,15000,2,0,
194,94,93,0,6666,15000,11,0,
195,94,95,0,6666,15000,10,0,
196,95,94,0,6666,15000,11,0,
197,95,96,0,6666,15000,19,0,
198,96,95,0,6666,15000,2,0,
199,96,90,0,6666,15000,1,0,
200,97,98,0,6666,15000,17,0,
201,97,93,0,6666,15000,16,0,
202,98,97,0,6666,15000,19,0,
203,98,99,0,6666,15000,11,0,
204,99,98,0,6666,15000,11,0,
205,99,100,0,6666,15000,13,0,
206,100,99,0,6666,15000,9,0,
207,100,101,0,6666,15000,16,0,
208,101,100,0,6666,15000,6,0,
209,102,108,0,6666,15000,1,0,
210,102,114,0,6666,15000,19,0,
211,102,438,0,2500,40000,13,0,
212,103,104,0,6666,15000,12,0,
213,103,440,0,2500,40000,15,0,
214,104,103,0,6666,15000,2,0,
215,104,105,0,6666,15000,7,0,
216,105,104,0,6666,15000,15,0,
217,105,106,0,6666,15000,16,0,
218,106,105,0,6666,15000,18,0,
219,106,107,0,6666,15000,13,0,
220,107,106,0,6666,15000,13,0,
221,107,114,0,6666,15000,17,0,
222,108,109,0,6666,15000,19,0,
223,108,102,0,6666,15000,19,0,
224,109,108,0,6666,15000,7,0,
225,109,110,0,6666,15000,6,0,
226,110,109,0,6666,15000,17,0,
227,110,111,0,6666,15000,5,0,
228,111,110,0,6666,15000,19,0,
229,111,112,0,6666,15000,15,0,
230,112,111,0,6666,15000,17,0,
231,112,113,0,6666,15000,1,0,
232,113,112,0,6666,15000,11,0,
233,113,114,0,6666,15000,14,0,
234,114,113,0,6666,15000,17,0,
235,114,107,0,6666,15000,16,0,
236,114,102,0,6666,15000,18,0,
237,115,126,0,6666,15000,19,0,
238,115,440,0,2500,40000,19,0,
239,116,117,0,6666,15000,1,0,
240,116,440,0,2500,40000,1,0,
241,117,116,0,6666,15000,12,0,
242,117,118,0,6666,15000,14,0,
243,118,117,0,6666,15000,14,0,
244,118,119,0,6666,15000,1,0,
245,119,118,0,6666,15000,14,0,
246,119,120,0,6666,15000,18,0,
247,120,119,0,6666,15000,3,0,
248,120,121,0,6666,15000,16,0,
249,121,120,0,6666,15000,16,0,
250,121,122,0,6666,15000,13,0,
251,122,121,0,6666,15000,9,0,
252,122,123,0,6666,15000,10,0,
253,123,122,0,6666,15000,6,0,
254,123,124,0,6666,15000,7,0,
255,124,123,0,6666,15000,1,0,
256,124,125,0,6666,15000,7,0,
257,125,124,0,6666,15000,3,0,
258,125,126,0,6666,15000,10,0,
259,126,125,0,6666,15000,10,0,
260,126,115,0,6666,15000,13,0,
261,127,137,0,6666,15000,12,0,
262,127,436,0,2500,40000,14,0,
263,128,129,0,6666,15000,2,0,
264,128,443,0,2500,40000,16,0,
265,129,128,0,6666,15000,8,0,
266,129,130,0,6666,15000,6,0,
267,130,129,0,6666,15000,16,0,
268,130,131,0,6666,15000,18,0,
269,131,130,0,6666,15000,1,0,
270,131,132,0,6666,15000,5,0,
271,132,131,0,6666,15000,10,0,
272,132,133,0,6666,15000,7,0,
273,133,132,0,6666,15000,3,0,
274,133,134,0,6666,15000,19,0,
275,134,133,0,6666,15000,5,0,
276,134,135,0,6666,15000,19,0,
277,135,134,0,6666,15000,16,0,
278,135,136,0,6666,15000,17,0,
279,136,135,0,6666,15000,10,0,
280,136,137,0,6666,15000,10,0,
281,137,136,0,6666,15000,18,0,
282,137,127,0,6666,15000,2,0,
283,138,152,0,6666,15000,7,0,
284,138,443,0,2500,40000,7,0,
285,139,140,0,6666,15000,7,0,
286,139,443,0,2500,40000,4,0,
287,140,139,0,6666,15000,5,0,
288,140,141,0,6666,15000,13,0,
289,141,140,0,6666,15000,2,0,
290,141,142,0,6666,15000,16,0,
291,142,141,0,6666,15000,13,0,
292,142,143,0,6666,15000,11,0,
293,143,142,0,6666,15000,17,0,
294,143,144,0,6666,15000,12,0,
295,144,143,0,6666,15000,5,0,
296,144,145,0,6666,15000,16,0,
297,145,144,0,6666,15000,13,0,
298,145,146,0,6666,15000,7,0,
299,146,145,0,6666,15000,13,0,
300,146,147,0,6666,15000,16,0,
301,147,146,0,6666,15000,16,0,
302,147,148,0,6666,15000,6,0,
303,148,147,0,6666,15000,10,0,
304,148,149,0,6666,15000,3,0,
305,149,148,0,6666,15000,14,0,
306,149,150,0,6666,15000,7,0,
307,150,149,0,6666,15000,9,0,
308,150,151,0,6666,15000,12,0,
309,151,150,0,6666,15000,16,0,
310,151,152,0,6666,15000,1,0,
311,152,151,0,6666,15000,15,0,
312,152,138,0,6666,15000,17,0,
313,153,154,0,6666,15000,1,0,
314,153,438,0,2500,40000,8,0,
315,154,153,0,6666,15000,3,0,
316,154,155,0,6666,15000,2,0,
317,155,154,0,6666,15000,18,0,
318,155,156,0,6666,15000,8,0,
319,156,155,0,6666,15000,3,0,
320,156,157,0,6666,15000,19,0,
321,157,156,0,6666,15000,4,0,
322,157,158,0,6666,15000,10,0,
323,158,157,0,6666,15000,1,0,
324,158,159,0,6666,15000,12,0,
325,159,158,0,6666,15000,6,0,
326,159,160,0,6666,15000,10,0,
327,160,159,0,6666,15000,18,0,
328,160,161,0,6666,15000,1,0,
329,160,167,0,6666,15000,4,0,
330,161,160,0,6666,15000,10,0,
331,161,162,0,6666,15000,12,0,
332,162,161,0,6666,15000,18,0,
333,162,163,0,6666,15000,1,0,
334,163,162,0,6666,15000,7,0,
335,163,164,0,6666,15000,4,0,
336,164,163,0,6666,15000,13,0,
337,164,165,0,6666,15000,12,0,
338,165,164,0,6666,15000,15,0,
339,165,166,0,6666,15000,17,0,
340,166,165,0,6666,15000,10,0,
341,166,167,0,6666,15000,6,0,
342,167,166,0,6666,15000,18,0,
343,167,160,0,6666,15000,4,0,
344,168,177,0,6666,15000,12,0,
345,168,437,0,2500,40000,8,0,
346,169,170,0,6666,15000,9,0,
347,169,437,0,2500,40000,9,0,
348,170,169,0,6666,15000,4,0,
349,170,171,0,6666,15000,3,0,
350,171,170,0,6666,15000,10,0,
351,171,172,0,6666,15000,11,0,
352,172,171,0,6666,15000,2,0,
353,172,173,0,6666,15000,3,0,
354,173,172,0,6666,15000,16,0,
355,173,174,0,6666,15000,17,0,
356,174,173,0,6666,15000,18,0,
357,174,175,0,6666,15000,14,0,
358,175,174,0,6666,15000,5,0,
359,175,176,0,6666,15000,11,0,
360,176,175,0,6666,15000,12,0,
361,176,177,0,6666,15000,13,0,
362,177,176,0,6666,15000,7,0,
363,177,168,0,6666,15000,3,0,
364,178,191,0,6666,15000,14,0,
365,178,437,0,2500,40000,2,0,
366,179,180,0,6666,15000,17,0,
367,179,443,0,2500,40000,3,0,
368,180,179,0,6666,15000,13,0,
369,180,181,0,6666,15000,2,0,
370,181,180,0,6666,15000,8,0,
371,181,182,0,6666,15000,19,0,
372,182,181,0,6666,15000,11,0,
373,182,183,0,6666,15000,12,0,
374,183,182,0,6666,15000,13,0,
375,183,184,0,6666,15000,11,0,
376,184,183,0,6666,15000,6,0,
377,184,185,0,6666,15000,15,0,
378,185,184,0,6666,15000,17,0,
379,185,186,0,6666,15000,5,0,
380,186,185,0,6666,15000,7,0,
381,186,187,0,6666,15000,17,0,
382,187,186,0,6666,15000,5,0,
383,187,188,0,6666,15000,16,0,
384,188,187,0,6666,15000,15,0,
385,188,189,0,6666,15000,16,0,
386,189,188,0,6666,15000,19,0,
387,189,190,0,6666,15000,5,0,
388,190,189,0,6666,15000,16,0,
389,190,191,0,6666,15000,13,0,
390,191,190,0,6666,15000,1,0,
391,191,178,0,6666,15000,9,0,
392,192,201,0,6666,15000,4,0,
393,192,438,0,2500,40000,6,0,
394,193,194,0,6666,15000,12,0,
395,193,440,0,2500,40000,6,0,
396,194,193,0,6666,15000,14,0,
397,194,195,0,6666,15000,3,0,
398,195,194,0,6666,15000,18,0,
399,195,196,0,6666,15000,1,0,
400,196,195,0,6666,15000,19,0,
401,196,197,0,6666,15000,19,0,
402,197,196,0,6666,15000,19,0,
403,197,198,0,6666,15000,6,0,
404,198,197,0,6666,15000,8,0,
405,198,199,0,6666,15000,7,0,
406,199,198,0,6666,15000,4,0,
407,199,200,0,6666,15000,1,0,
408,200,199,0,6666,15000,10,0,
409,200,201,0,6666,15000,9,0,
410,201,200,0,6666,15000,2,0,
411,201,192,0,6666,15000,3,0,
412,202,214,0,6666,15000,17,0,
413,202,438,0,2500,40000,13,0,
414,203,204,0,6666,15000,14,0,
415,203,440,0,2500,40000,19,0,
416,204,203,0,6666,15000,15,0,
417,204,205,0,6666,15000,14,0,
418,205,204,0,6666,15000,13,0,
419,205,206,0,6666,15000,16,0,
420,206,205,0,6666,15000,12,0,
421,206,207,0,6666,15000,15,0,
422,207,206,0,6666,15000,6,0,
423,207,208,0,6666,15000,6,0,
424,208,207,0,6666,15000,9,0,
425,208,209,0,6666,15000,8,0,
426,209,208,0,6666,15000,16,0,
427,209,210,0,6666,15000,19,0,
428,210,209,0,6666,15000,15,0,
429,210,211,0,6666,15000,1,0,
430,211,210,0,6666,15000,17,0,
431,211,212,0,6666,15000,7,0,
432,212,211,0,6666,15000,18,0,
433,212,213,0,6666,15000,15,0,
434,213,212,0,6666,15000,14,0,
435,213,214,0,6666,15000,10,0,
436,214,213,0,6666,15000,14,0,
437,214,202,0,6666,15000,14,0,
438,215,221,0,6666,15000,2,0,
439,215,439,0,2500,40000,5,0,
440,216,217,0,6666,15000,1,0,
441,216,443,0,2500,40000,17,0,
442,217,216,0,6666,15000,2,0,
443,217,218,0,6666,15000,5,0,
444,218,217,0,6666,15000,7,0,
445,218,219,0,6666,15000,2,0,
446,219,218,0,6666,15000,2,0,
447,219,220,0,6666,15000,4,0,
448,220,219,0,6666,15000,12,0,
449,220,221,0,6666,15000,17,0,
450,220,222,0,6666,15000,5,0,
451,221,220,0,6666,15000,16,0,
452,221,215,0,6666,15000,6,0,
453,222,223,0,6666,15000,3,0,
454,222,220,0,6666,15000,6,0,
455,223,222,0,6666,15000,10,0,
456,223,224,0,6666,15000,18,0,
457,224,223,0,6666,15000,4,0,
458,224,225,0,6666,15000,18,0,
459,225,224,0,6666,15000,11,0,
460,225,226,0,6666,15000,1,0,
461,226,225,0,6666,15000,18,0,
462,227,239,0,6666,15000,10,0,
463,227,437,0,2500,40000,7,0,
464,228,229,0,6666,15000,16,0,
465,228,441,0,2500,40000,12,0,
466,229,228,0,6666,15000,18,0,
467,229,230,0,6666,15000,13,0,
468,230,229,0,6666,15000,18,0,
469,230,231,0,6666,15000,7,0,
470,231,230,0,6666,15000,10,0,
471,231,232,0,6666,15000,12,0,
472,232,231,0,6666,15000,1,0,
473,232,233,0,6666,15000,12,0,
474,233,232,0,6666,15000,16,0,
475,233,234,0,6666,15000,7,0,
476,234,233,0,6666,15000,13,0,
477,234,235,0,6666,15000,1,0,
478,235,234,0,6666,15000,4,0,
479,235,236,0,6666,15000,14,0,
480,236,235,0,6666,15000,11,0,
481,236,237,0,6666,15000,4,0,
482,237,236,0,6666,15000,5,0,
483,237,238,0,6666,15000,12,0,
484,238,237,0,6666,15000,12,0,
485,238,239,0,6666,15000,1,0,
486,239,238,0,6666,15000,8,0,
487,239,227,0,6666,15000,4,0,
488,240,250,0,6666,15000,15,0,
489,240,438,0,2500,40000,3,0,
490,241,242,0,6666,15000,1,0,
491,241,442,0,2500,40000,3,0,
492,242,241,0,6666,15000,2,0,
493,242,243,0,6666,15000,11,0,
494,243,242,0,6666,15000,13,0,
495,243,244,0,6666,15000,18,0,
496,244,243,0,6666,15000,9,0,
497,244,245,0,6666,15000,11,0,
498,245,244,0,6666,15000,10,0,
499,245,246,0,6666,15000,10,0,
500,246,245,0,6666,15000,14,0,
501,246,247,0,6666,15000,3,0,
502,247,246,0,6666,15000,17,0,
503,247,248,0,6666,15000,13,0,
504,248,247,0,6666,15000,14,0,
505,248,249,0,6666,15000,19,0,
506,249,248,0,6666,15000,13,0,
507,249,250,0,6666,15000,17,0,
508,250,249,0,6666,15000,9,0,
509,250,240,0,6666,15000,17,0,
510,251,261,0,6666,15000,17,0,
511,251,438,0,2500,40000,2,0,
512,252,253,0,6666,15000,18,0,
513,252,441,0,2500,40000,15,0,
514,253,252,0,6666,15000,18,0,
515,253,254,0,6666,15000,14,0,
516,254,253,0,6666,15000,19,0,
517,254,255,0,6666,15000,9,0,
518,255,254,0,6666,15000,1,0,
519,255,256,0,6666,15000,4,0,
520,256,255,0,6666,15000,19,0,
521,256,257,0,6666,15000,4,0,
522,257,256,0,6666,15000,15,0,
523,257,258,0,6666,15000,3,0,
524,258,257,0,6666,15000,18,0,
525,258,259,0,6666,15000,11,0,
526,259,258,0,6666,15000,17,0,
527,259,260,0,6666,15000,9,0,
528,260,259,0,6666,15000,14,0,
529,260,261,0,6666,15000,16,0,
530,261,260,0,6666,15000,9,0,
531,261,251,0,6666,15000,18,0,
532,262,263,0,6666,15000,3,0,
533,262,274,0,6666,15000,6,0,
534,262,264,0,6666,15000,19,0,
535,262,266,0,6666,15000,2,0,
536,262,268,0,6666,15000,3,0,
537,262,270,0,6666,15000,14,0,
538,262,272,0,6666,15000,7,0,
539,262,444,0,2500,40000,19,0,
540,263,262,0,6666,15000,11,0,
541,263,264,0,6666,15000,4,0,
542,264,263,0,6666,15000,15,0,
543,264,265,0,6666,15000,19,0,
544,264,262,0,6666,15000,12,0,
545,265,264,0,6666,15000,10,0,
546,265,266,0,6666,15000,9,0,
547,266,265,0,6666,15000,16,0,
548,266,267,0,6666,15000,2,0,
549,266,262,0,6666,15000,16,0,
550,267,266,0,6666,15000,11,0,
551,267,268,0,6666,15000,12,0,
552,268,267,0,6666,15000,19,0,
553,268,269,0,6666,15000,9,0,
554,268,262,0,6666,15000,14,0,
555,269,268,0,6666,15000,16,0,
556,269,270,0,6666,15000,18,0,
557,270,269,0,6666,15000,4,0,
558,270,271,0,6666,15000,1,0,
559,270,262,0,6666,15000,19,0,
560,271,270,0,6666,15000,8,0,
561,271,272,0,6666,15000,5,0,
562,272,271,0,6666,15000,12,0,
563,272,273,0,6666,15000,3,0,
564,272,262,0,6666,15000,2,0,
565,273,272,0,6666,15000,9,0,
566,273,274,0,6666,15000,19,0,
567,274,273,0,6666,15000,9,0,
568,274,262,0,6666,15000,10,0,
569,275,276,0,6666,15000,2,0,
570,275,282,0,6666,15000,8,0,
571,276,275,0,6666,15000,1,0,
572,276,277,0,6666,15000,6,0,
573,277,276,0,6666,15000,12,0,
574,277,437,0,2500,40000,11,0,
575,278,279,0,6666,15000,2,0,
576,278,281,0,6666,15000,11,0,
577,278,438,0,2500,40000,19,0,
578,278,440,0,2500,40000,11,0,
579,279,278,0,6666,15000,14,0,
580,279,280,0,6666,15000,2,0,
581,280,279,0,6666,15000,4,0,
582,280,281,0,6666,15000,10,0,
583,281,280,0,6666,15000,16,0,
584,281,282,0,6666,15000,16,0,
585,281,278,0,6666,15000,9,0,
586,281,283,0,6666,15000,8,0,
587,282,281,0,6666,15000,15,0,
588,282,275,0,6666,15000,17,0,
589,283,284,0,6666,15000,11,0,
590,283,281,0,6666,15000,1,0,
591,284,283,0,6666,15000,7,0,
592,284,285,0,6666,15000,9,0,
593,285,284,0,6666,15000,14,0,
594,285,286,0,6666,15000,18,0,
595,286,285,0,6666,15000,7,0,
596,286,287,0,6666,15000,7,0,
597,287,286,0,6666,15000,16,0,
598,287,288,0,6666,15000,1,0,
599,288,287,0,6666,15000,11,0,
600,288,289,0,6666,15000,5,0,
601,289,288,0,6666,15000,3,0,
602,289,444,0,2500,40000,2,0,
603,290,291,0,6666,15000,15,0,
604,290,438,0,2500,40000,1,0,
605,291,290,0,6666,15000,19,0,
606,291,292,0,6666,15000,13,0,
607,292,291,0,6666,15000,16,0,
608,292,295,0,6666,15000,6,0,
609,293,294,0,6666,15000,7,0,
610,293,440,0,2500,40000,17,0,
611,294,293,0,6666,15000,17,0,
612,294,295,0,6666,15000,14,0,
613,295,294,0,6666,15000,8,0,
614,295,292,0,6666,15000,12,0,
615,295,300,0,6666,15000,19,0,
616,296,297,0,6666,15000,17,0,
617,296,444,0,2500,40000,11,0,
618,297,296,0,6666,15000,11,0,
619,297,298,0,6666,15000,14,0,
620,298,297,0,6666,15000,18,0,
621,298,299,0,6666,15000,8,0,
622,299,298,0,6666,15000,2,0,
623,299,300,0,6666,15000,14,0,
624,300,299,0,6666,15000,3,0,
625,300,295,0,6666,15000,15,0,
626,301,315,0,6666,15000,17,0,
627,301,436,0,2500,40000,18,0,
628,302,303,0,6666,15000,12,0,
629,302,442,0,2500,40000,7,0,
630,303,302,0,6666,15000,18,0,
631,303,304,0,6666,15000,7,0,
632,304,303,0,6666,15000,13,0,
633,304,305,0,6666,15000,5,0,
634,305,304,0,6666,15000,7,0,
635,305,306,0,6666,15000,8,0,
636,306,305,0,6666,15000,5,0,
637,306,307,0,6666,15000,8,0,
638,307,306,0,6666,15000,17,0,
639,307,308,0,6666,15000,6,0,
640,308,307,0,6666,15000,5,0,
641,308,309,0,6666,15000,6,0,
642,309,308,0,6666,15000,18,0,
643,309,310,0,6666,15000,6,0,
644,310,309,0,6666,15000,4,0,
645,310,311,0,6666,15000,16,0,
646,311,310,0,6666,15000,1,0,
647,311,312,0,6666,15000,2,0,
648,312,311,0,6666,15000,1,0,
649,312,313,0,6666,15000,12,0,
650,313,312,0,6666,15000,16,0,
651,313,314,0,6666,15000,19,0,
652,314,313,0,6666,15000,10,0,
653,314,315,0,6666,15000,5,0,
654,315,314,0,6666,15000,18,0,
655,315,301,0,6666,15000,18,0,
656,316,323,0,6666,15000,4,0,
657,316,319,0,6666,15000,10,0,
658,316,446,0,2500,40000,2,0,
659,316,447,0,2500,40000,12,0,
660,317,318,0,6666,15000,13,0,
661,317,445,0,2500,40000,17,0,
662,318,317,0,6666,15000,14,0,
663,318,319,0,6666,15000,7,0,
664,319,318,0,6666,15000,3,0,
665,319,320,0,6666,15000,14,0,
666,319,316,0,6666,15000,16,0,
667,319,329,0,6666,15000,16,0,
668,320,319,0,6666,15000,6,0,
669,320,321,0,6666,15000,2,0,
670,321,320,0,6666,15000,13,0,
671,321,322,0,6666,15000,3,0,
672,322,321,0,6666,15000,5,0,
673,322,323,0,6666,15000,6,0,
674,323,322,0,6666,15000,17,0,
675,323,316,0,6666,15000,7,0,
676,324,325,0,6666,15000,2,0,
677,324,448,0,2500,40000,4,0,
678,325,324,0,6666,15000,16,0,
679,325,326,0,6666,15000,10,0,
680,326,325,0,6666,15000,14,0,
681,326,327,0,6666,15000,5,0,
682,327,326,0,6666,15000,7,0,
683,327,328,0,6666,15000,10,0,
684,328,327,0,6666,15000,12,0,
685,328,329,0,6666,15000,7,0,
686,329,328,0,6666,15000,15,0,
687,329,319,0,6666,15000,4,0,
688,330,340,0,6666,15000,2,0,
689,330,446,0,2500,40000,2,0,
690,331,332,0,6666,15000,5,0,
691,331,449,0,2500,40000,9,0,
692,332,331,0,6666,15000,15,0,
693,332,333,0,6666,15000,4,0,
694,333,332,0,6666,15000,17,0,
695,333,334,0,6666,15000,1,0,
696,334,333,0,6666,15000,14,0,
697,334,335,0,6666,15000,4,0,
698,335,334,0,6666,15000,17,0,
699,335,336,0,6666,15000,5,0,
700,336,335,0,6666,15000,10,0,
701,336,337,0,6666,15000,2,0,
702,337,336,0,6666,15000,13,0,
703,337,338,0,6666,15000,17,0,
704,338,337,0,6666,15000,13,0,
705,338,339,0,6666,15000,3,0,
706,339,338,0,6666,15000,4,0,
707,339,340,0,6666,15000,9,0,
708,340,339,0,6666,15000,18,0,
709,340,330,0,6666,15000,16,0,
710,341,353,0,6666,15000,7,0,
711,341,447,0,2500,40000,11,0,
712,342,343,0,6666,15000,18,0,
713,342,450,0,2500,40000,18,0,
714,343,342,0,6666,15000,16,0,
715,343,344,0,6666,15000,2,0,
716,344,343,0,6666,15000,15,0,
717,344,345,0,6666,15000,9,0,
718,345,344,0,6666,15000,7,0,
719,345,346,0,6666,15000,15,0,
720,346,345,0,6666,15000,16,0,
721,346,347,0,6666,15000,7,0,
722,347,346,0,6666,15000,4,0,
723,347,348,0,6666,15000,8,0,
724,348,347,0,6666,15000,15,0,
725,348,349,0,6666,15000,8,0,
726,349,348,0,6666,15000,1,0,
727,349,350,0,6666,15000,9,0,
728,350,349,0,6666,15000,1,0,
729,350,351,0,6666,15000,4,0,
730,351,350,0,6666,15000,13,0,
731,351,352,0,6666,15000,6,0,
732,352,351,0,6666,15000,8,0,
733,352,353,0,6666,15000,14,0,
734,353,352,0,6666,15000,1,0,
735,353,341,0,6666,15000,9,0,
736,354,364,0,6666,15000,3,0,
737,354,446,0,2500,40000,6,0,
738,355,356,0,6666,15000,2,0,
739,355,450,0,2500,40000,3,0,
740,356,355,0,6666,15000,2,0,
741,356,357,0,6666,15000,5,0,
742,357,356,0,6666,15000,9,0,
743,357,358,0,6666,15000,5,0,
744,358,357,0,6666,15000,12,0,
745,358,359,0,6666,15000,8,0,
746,359,358,0,6666,15000,15,0,
747,359,360,0,6666,15000,13,0,
748,360,359,0,6666,15000,18,0,
749,360,361,0,6666,15000,14,0,
750,361,360,0,6666,15000,5,0,
751,361,362,0,6666,15000,17,0,
752,362,361,0,6666,15000,18,0,
753,362,363,0,6666,15000,19,0,
754,363,362,0,6666,15000,8,0,
755,363,364,0,6666,15000,18,0,
756,364,363,0,6666,15000,1,0,
757,364,354,0,6666,15000,15,0,
758,365,377,0,6666,15000,9,0,
759,365,445,0,2500,40000,3,0,
760,366,367,0,6666,15000,14,0,
761,366,448,0,2500,40000,19,0,
762,367,366,0,6666,15000,9,0,
763,367,368,0,6666,15000,11,0,
764,368,367,0,6666,15000,4,0,
765,368,369,0,6666,15000,18,0,
766,369,368,0,6666,15000,3,0,
767,369,370,0,6666,15000,18,0,
768,370,369,0,6666,15000,4,0,
769,370,371,0,6666,15000,13,0,
770,371,370,0,6666,15000,3,0,
771,371,372,0,6666,15000,15,0,
772,372,371,0,6666,15000,14,0,
773,372,373,0,6666,15000,4,0,
774,373,372,0,6666,15000,5,0,
775,373,374,0,6666,15000,11,0,
776,374,373,0,6666,15000,13,0,
777,374,375,0,6666,15000,7,0,
778,375,374,0,6666,15000,19,0,
779,375,376,0,6666,15000,8,0,
780,376,375,0,6666,15000,15,0,
781,376,377,0,6666,15000,15,0,
782,377,376,0,6666,15000,7,0,
783,377,365,0,6666,15000,6,0,
784,378,389,0,6666,15000,3,0,
785,378,446,0,2500,40000,6,0,
786,379,380,0,6666,15000,19,0,
787,379,449,0,2500,40000,17,0,
788,380,379,0,6666,15000,13,0,
789,380,381,0,6666,15000,11,0,
790,381,380,0,6666,15000,13,0,
791,381,382,0,6666,15000,16,0,
792,382,381,0,6666,15000,1,0,
793,382,383,0,6666,15000,1,0,
794,383,382,0,6666,15000,15,0,
795,383,384,0,6666,15000,14,0,
796,384,383,0,6666,15000,19,0,
797,384,385,0,6666,15000,6,0,
798,385,384,0,6666,15000,6,0,
799,385,386,0,6666,15000,2,0,
800,386,385,0,6666,15000,13,0,
801,386,387,0,6666,15000,15,0,
802,387,386,0,6666,15000,14,0,
803,387,388,0,6666,15000,4,0,
804,388,387,0,6666,15000,1,0,
805,388,389,0,6666,15000,1,0,
806,389,388,0,6666,15000,19,0,
807,389,378,0,6666,15000,2,0,
808,390,400,0,6666,15000,13,0,
809,390,445,0,2500,40000,7,0,
810,391,392,0,6666,15000,10,0,
811,391,451,0,2500,40000,10,0,
812,392,391,0,6666,15000,10,0,
813,392,393,0,6666,15000,6,0,
814,393,392,0,6666,15000,9,0,
815,393,394,0,6666,15000,6,0,
816,394,393,0,6666,15000,19,0,
817,394,395,0,6666,15000,10,0,
818,395,394,0,6666,15000,14,0,
819,395,396,0,6666,15000,7,0,
820,396,395,0,6666,15000,19,0,
821,396,397,0,6666,15000,16,0,
822,397,396,0,6666,15000,15,0,
823,397,398,0,6666,15000,16,0,
824,398,397,0,6666,15000,19,0,
825,398,399,0,6666,15000,12,0,
826,399,398,0,6666,15000,17,0,
827,399,400,0,6666,15000,8,0,
828,400,399,0,6666,15000,13,0,
829,400,390,0,6666,15000,15,0,
830,401,411,0,6666,15000,16,0,
831,401,447,0,2500,40000,5,0,
832,402,403,0,6666,15000,15,0,
833,402,447,0,2500,40000,19,0,
834,403,402,0,6666,15000,10,0,
835,403,404,0,6666,15000,3,0,
836,404,403,0,6666,15000,2,0,
837,404,405,0,6666,15000,3,0,
838,405,404,0,6666,15000,1,0,
839,405,406,0,6666,15000,18,0,
840,406,405,0,6666,15000,8,0,
841,406,407,0,6666,15000,17,0,
842,407,406,0,6666,15000,17,0,
843,407,408,0,6666,15000,4,0,
844,408,407,0,6666,15000,8,0,
845,408,409,0,6666,15000,16,0,
846,409,408,0,6666,15000,9,0,
847,409,410,0,6666,15000,14,0,
848,410,409,0,6666,15000,12,0,
849,410,411,0,6666,15000,8,0,
850,411,410,0,6666,15000,16,0,
851,411,401,0,6666,15000,16,0,
852,412,422,0,6666,15000,7,0,
853,412,450,0,2500,40000,14,0,
854,413,414,0,6666,15000,19,0,
855,413,450,0,2500,40000,5,0,
856,414,413,0,6666,15000,11,0,
857,414,415,0,6666,15000,4,0,
858,415,414,0,6666,15000,8,0,
859,415,416,0,6666,15000,12,0,
860,416,415,0,6666,15000,8,0,
861,416,417,0,6666,15000,17,0,
862,417,416,0,6666,15000,9,0,
863,417,418,0,6666,15000,10,0,
864,418,417,0,6666,15000,1,0,
865,418,419,0,6666,15000,8,0,
866,419,418,0,6666,15000,5,0,
867,419,420,0,6666,15000,18,0,
868,420,419,0,6666,15000,3,0,
869,420,421,0,6666,15000,8,0,
870,421,420,0,6666,15000,15,0,
871,421,422,0,6666,15000,8,0,
872,422,421,0,6666,15000,14,0,
873,422,412,0,6666,15000,10,0,
874,423,424,0,6666,15000,1,0,
875,423,445,0,2500,40000,6,0,
876,424,423,0,6666,15000,1,0,
877,424,425,0,6666,15000,13,0,
878,425,424,0,6666,15000,15,0,
879,425,426,0,6666,15000,8,0,
880,426,425,0,6666,15000,11,0,
881,426,427,0,6666,15000,8,0,
882,427,426,0,6666,15000,17,0,
883,427,428,0,6666,15000,1,0,
884,428,427,0,6666,15000,5,0,
885,428,429,0,6666,15000,7,0,
886,429,428,0,6666,15000,6,0,
887,429,430,0,6666,15000,15,0,
888,429,435,0,6666,15000,14,0,
889,430,429,0,6666,15000,3,0,
890,430,431,0,6666,15000,19,0,
891,431,430,0,6666,15000,9,0,
892,431,432,0,6666,15000,19,0,
893,432,431,0,6666,15000,15,0,
894,432,433,0,6666,15000,2,0,
895,433,432,0,6666,15000,3,0,
896,433,434,0,6666,15000,14,0,
897,434,433,0,6666,15000,7,0,
898,434,435,0,6666,15000,2,0,
899,435,434,0,6666,15000,11,0,
900,435,429,0,6666,15000,17,0,
901,436,437,0,2500,40000,5,0,
902,436,444,0,2500,40000,10,0,
903,436,25,0,2500,40000,3,0,
904,436,62,0,2500,40000,16,0,
905,436,127,0,2500,40000,4,0,
906,436,301,0,2500,40000,7,0,
907,437,436,0,2500,40000,18,0,
908,437,438,0,2500,40000,17,0,
909,437,90,0,2500,40000,17,0,
910,437,168,0,2500,40000,17,0,
911,437,169,0,2500,40000,12,0,
912,437,178,0,2500,40000,18,0,
913,437,227,0,2500,40000,15,0,
914,437,277,0,2500,40000,11,0,
915,438,437,0,2500,40000,13,0,
916,438,439,0,2500,40000,11,0,
917,438,0,0,2500,40000,11,0,
918,438,24,0,2500,40000,16,0,
919,438,39,0,2500,40000,9,0,
920,438,102,0,2500,40000,1,0,
921,438,153,0,2500,40000,18,0,
922,438,192,0,2500,40000,1,0,
923,438,202,0,2500,40000,6,0,
924,438,240,0,2500,40000,10,0,
925,438,251,0,2500,40000,6,0,
926,438,278,0,2500,40000,6,0,
927,438,290,0,2500,40000,5,0,
928,439,438,0,2500,40000,19,0,
929,439,440,0,2500,40000,8,0,
930,439,215,0,2500,40000,15,0,
931,439,457,0,1000,100000,15,0,
932,439,463,0,1000,100000,11,0,
933,440,439,0,2500,40000,8,0,
934,440,441,0,2500,40000,8,0,
935,440,40,0,2500,40000,1,0,
936,440,50,0,2500,40000,7,0,
937,440,51,0,2500,40000,9,0,
938,440,103,0,2500,40000,16,0,
939,440,115,0,2500,40000,8,0,
940,440,116,0,2500,40000,12,0,
941,440,193,0,2500,40000,8,0,
942,440,203,0,2500,40000,3,0,
943,440,278,0,2500,40000,10,0,
944,440,293,0,2500,40000,16,0,
945,441,440,0,2500,40000,15,0,
946,441,442,0,2500,40000,13,0,
947,441,12,0,2500,40000,3,0,
948,441,13,0,2500,40000,5,0,
949,441,24,0,2500,40000,13,0,
950,441,66,0,2500,40000,8,0,
951,441,228,0,2500,40000,14,0,
952,441,252,0,2500,40000,10,0,
953,442,441,0,2500,40000,8,0,
954,442,443,0,2500,40000,1,0,
955,442,1,0,2500,40000,6,0,
956,442,91,0,2500,40000,18,0,
957,442,241,0,2500,40000,19,0,
958,442,302,0,2500,40000,5,0,
959,442,463,0,1000,100000,2,0,
960,442,457,0,1000,100000,16,0,
961,443,442,0,2500,40000,6,0,
962,443,444,0,2500,40000,16,0,
963,443,128,0,2500,40000,8,0,
964,443,138,0,2500,40000,3,0,
965,443,139,0,2500,40000,11,0,
966,443,179,0,2500,40000,15,0,
967,443,216,0,2500,40000,12,0,
968,444,443,0,2500,40000,16,0,
969,444,436,0,2500,40000,12,0,
970,444,38,0,2500,40000,18,0,
971,444,70,0,2500,40000,1,0,
972,444,75,0,2500,40000,6,0,
973,444,76,0,2500,40000,14,0,
974,444,262,0,2500,40000,1,0,
975,444,289,0,2500,40000,15,0,
976,444,296,0,2500,40000,1,0,
977,445,446,0,2500,40000,12,0,
978,445,451,0,2500,40000,17,0,
979,445,447,0,2500,40000,9,0,
980,445,449,0,2500,40000,4,0,
981,445,317,0,2500,40000,4,0,
982,445,365,0,2500,40000,17,0,
983,445,390,0,2500,40000,4,0,
984,445,423,0,2500,40000,4,0,
985,445,452,0,1000,100000,9,0,
986,445,463,0,1000,100000,11,0,
987,446,445,0,2500,40000,10,0,
988,446,447,0,2500,40000,6,0,
989,446,316,0,2500,40000,5,0,
990,446,330,0,2500,40000,13,0,
991,446,354,0,2500,40000,2,0,
992,446,378,0,2500,40000,17,0,
993,447,446,0,2500,40000,12,0,
994,447,448,0,2500,40000,2,0,
995,447,445,0,2500,40000,4,0,
996,447,316,0,2500,40000,12,0,
997,447,341,0,2500,40000,16,0,
998,447,401,0,2500,40000,10,0,
999,447,402,0,2500,40000,7,0,
1000,448,447,0,2500,40000,15,0,
1001,448,449,0,2500,40000,3,0,
1002,448,324,0,2500,40000,15,0,
1003,448,366,0,2500,40000,16,0,
1004,449,448,0,2500,40000,10,0,
1005,449,450,0,2500,40000,16,0,
1006,449,445,0,2500,40000,17,0,
1007,449,331,0,2500,40000,14,0,
1008,449,379,0,2500,40000,2,0,
1009,449,463,0,1000,100000,4,0,
1010,449,452,0,1000,100000,16,0,
1011,450,449,0,2500,40000,16,0,
1012,450,451,0,2500,40000,14,0,
1013,450,342,0,2500,40000,9,0,
1014,450,355,0,2500,40000,5,0,
1015,450,412,0,2500,40000,7,0,
1016,450,413,0,2500,40000,10,0,
1017,451,450,0,2500,40000,3,0,
1018,451,445,0,2500,40000,4,0,
1019,451,391,0,2500,40000,19,0,
1020,452,453,0,1000,100000,14,0,
1021,452,469,0,1000,100000,14,0,
1022,452,454,0,1000,100000,7,0,
1023,452,456,0,1000,100000,10,0,
1024,452,458,0,1000,100000,15,0,
1025,452,460,0,1000,100000,19,0,
1026,452,462,0,1000,100000,18,0,
1027,452,464,0,1000,100000,5,0,
1028,452,466,0,1000,100000,5,0,
1029,452,468,0,1000,100000,5,0,
1030,452,445,0,1000,100000,16,0,
1031,452,449,0,1000,100000,7,0,
1032,453,452,0,1000,100000,9,0,
1033,453,454,0,1000,100000,17,0,
1034,454,453,0,1000,100000,3,0,
1035,454,455,0,1000,100000,15,0,
1036,454,452,0,1000,100000,19,0,
1037,455,454,0,1000,100000,6,0,
1038,455,456,0,1000,100000,10,0,
1039,456,455,0,1000,100000,5,0,
1040,456,457,0,1000,100000,2,0,
1041,456,452,0,1000,100000,7,0,
1042,457,456,0,1000,100000,13,0,
1043,457,458,0,1000,100000,7,0,
1044,457,439,0,1000,100000,16,0,
1045,457,442,0,1000,100000,16,0,
1046,458,457,0,1000,100000,4,0,
1047,458,459,0,1000,100000,18,0,
1048,458,452,0,1000,100000,14,0,
1049,459,458,0,1000,100000,15,0,
1050,459,460,0,1000,100000,3,0,
1051,460,459,0,1000,100000,15,0,
1052,460,461,0,1000,100000,19,0,
1053,460,452,0,1000,100000,18,0,
1054,461,460,0,1000,100000,7,0,
1055,461,462,0,1000,100000,12,0,
1056,462,461,0,1000,100000,15,0,
1057,462,463,0,1000,100000,3,0,
1058,462,452,0,1000,100000,1,0,
1059,463,462,0,1000,100000,3,0,
1060,463,464,0,1000,100000,11,0,
1061,463,442,0,1000,100000,9,0,
1062,463,439,0,1000,100000,3,0,
1063,463,449,0,1000,100000,12,0,
1064,463,445,0,1000,100000,19,0,
1065,464,463,0,1000,100000,6,0,
1066,464,465,0,1000,100000,10,0,
1067,464,452,0,1000,100000,14,0,
1068,465,464,0,1000,100000,16,0,
1069,465,466,0,1000,100000,6,0,
1070,466,465,0,1000,100000,10,0,
1071,466,467,0,1000,100000,12,0,
1072,466,452,0,1000,100000,12,0,
1073,467,466,0,1000,100000,17,0,
1074,467,468,0,1000,100000,16,0,
1075,468,467,0,1000,100000,14,0,
1076,468,469,0,1000,100000,13,0,
1077,468,452,0,1000,100000,17,0,
1078,469,468,0,1000,100000,3,0,
1079,469,452,0,1000,100000,8,0,
